Site,Col_Company,Col_Recruit,Col_detail,Col_url
Saramin,넛지헬스케어(주),[캐시워크]데이터분석담당 채용전환형 인턴,"['인기있는', '[캐시워크]데이터분석담당 채용전환형 인턴', '', '~ 05/09(금)', '입사지원', '서울강남구', '신입', '대졸↑', '인턴직', '수정일 25/04/01', '관심기업 등록', '', '링커리어']",www.saramin.co.kr/zf_user/jobs/relay/view?view_type=search&rec_idx=50202952&location=ts&searchword=%EB%8D%B0%EC%9D%B4%ED%84%B0%EB%B6%84%EC%84%9D&searchType=search&paid_fl=n&search_uuid=28e56092-75a9-4439-bd69-74b9947365f7
Saramin,(주)마크클라우드,"AI 개발(Python),데이터분석및 사업 기획 모집","['인기있는', 'AI 개발(Python),데이터분석및 사업 기획 모집', '', '~ 05/24(토)', '입사지원', '서울강남구', '신입·경력', '대졸↑', '정규직', '등록일 25/03/25', '관심기업 등록', '']",www.saramin.co.kr/zf_user/jobs/relay/view?view_type=search&rec_idx=50330710&location=ts&searchword=%EB%8D%B0%EC%9D%B4%ED%84%B0%EB%B6%84%EC%84%9D&searchType=search&paid_fl=n&search_uuid=28e56092-75a9-4439-bd69-74b9947365f7
Saramin,(주)마크클라우드,"AI 개발(Python),데이터분석및 사업 기획 인턴 모집","['인기있는', 'AI 개발(Python),데이터분석및 사업 기획 인턴 모집', '', '~ 04/27(일)', '입사지원', '서울강남구', '경력무관', '대졸↑', '인턴직', '등록일 25/03/28', '관심기업 등록', '']",www.saramin.co.kr/zf_user/jobs/relay/view?view_type=search&rec_idx=50361543&location=ts&searchword=%EB%8D%B0%EC%9D%B4%ED%84%B0%EB%B6%84%EC%84%9D&searchType=search&paid_fl=n&search_uuid=28e56092-75a9-4439-bd69-74b9947365f7
Saramin,(주)씨아이템프러리,현대카드 본사 카드금융마케팅팀 사무직 채용/데이터분석/마케팅,"['IT개발·데이터 지원 급상승', '현대카드 본사 카드금융마케팅팀 사무직 채용/데이터분석/마케팅', '', '~ 04/27(일)', '입사지원', '서울영등포구', '경력무관', '학력무관', '계약직', '등록일 25/03/28', '관심기업 등록', '', '파견']",www.saramin.co.kr/zf_user/jobs/relay/view?view_type=search&rec_idx=50354859&location=ts&searchword=%EB%8D%B0%EC%9D%B4%ED%84%B0%EB%B6%84%EC%84%9D&searchType=search&paid_fl=n&search_uuid=28e56092-75a9-4439-bd69-74b9947365f7
Saramin,(주)메이크인,[여의도/자체직전환/신입가능]나이스평가정보데이터분석채용,"['인기있는', '[여의도/자체직전환/신입가능]나이스평가정보데이터분석채용', '', '채용시', '입사지원', '서울영등포구', '경력무관', '초대졸↑', '계약직·파견직', '3,000 만원', '수정일 25/03/21', '관심기업 등록', '', '메이크인', '파견']",www.saramin.co.kr/zf_user/jobs/relay/view?view_type=search&rec_idx=50295057&location=ts&searchword=%EB%8D%B0%EC%9D%B4%ED%84%B0%EB%B6%84%EC%84%9D&searchType=search&paid_fl=n&search_uuid=28e56092-75a9-4439-bd69-74b9947365f7
Saramin,(주)케이에스씨앤씨,[신입] 신용평가/금융데이터분석컨설팅 인재 채용,"['마케팅·홍보·조사 지원 급상승', '[신입] 신용평가/금융데이터분석컨설팅 인재 채용', '', '~ 04/30(수)', '입사지원', '서울영등포구', '신입', '대졸↑', '정규직', '등록일 25/03/14', '관심기업 등록', '']",www.saramin.co.kr/zf_user/jobs/relay/view?view_type=search&rec_idx=50248252&location=ts&searchword=%EB%8D%B0%EC%9D%B4%ED%84%B0%EB%B6%84%EC%84%9D&searchType=search&paid_fl=n&search_uuid=28e56092-75a9-4439-bd69-74b9947365f7
Saramin,(주)멋쟁이사자처럼,[(주)멋쟁이자사처럼] KDT데이터분석부트캠프 보조강사,"['시리즈A 투자유치', '[(주)멋쟁이자사처럼] KDT데이터분석부트캠프 보조강사', '', '~ 04/11(금)', '입사지원', '서울종로구', '경력무관', '학력무관', '프리랜서', '수정일 25/03/19', '관심기업 등록', '']",www.saramin.co.kr/zf_user/jobs/relay/view?view_type=search&rec_idx=50235861&location=ts&searchword=%EB%8D%B0%EC%9D%B4%ED%84%B0%EB%B6%84%EC%84%9D&searchType=search&paid_fl=n&search_uuid=28e56092-75a9-4439-bd69-74b9947365f7
Saramin,한국가이던스,"[통계분석,사회조사분석,설문조사,데이터분석,리서치] 연구직","['인기있는', '[통계분석,사회조사분석,설문조사,데이터분석,리서치] 연구직', '', '~ 04/09(수)', '입사지원', '대구달서구', '신입·경력', '대졸↑', '계약직', '수정일 25/04/01', '관심기업 등록', '']",www.saramin.co.kr/zf_user/jobs/relay/view?view_type=search&rec_idx=50310518&location=ts&searchword=%EB%8D%B0%EC%9D%B4%ED%84%B0%EB%B6%84%EC%84%9D&searchType=search&paid_fl=n&search_uuid=28e56092-75a9-4439-bd69-74b9947365f7
Saramin,서울대학교병원,서울대학교병원 생체신호 머신러닝/데이터분석연구원 채용,"['서울대학교병원 생체신호 머신러닝/데이터분석연구원 채용', '', '채용시', '입사지원', '서울종로구', '경력무관', '대졸↑', '무기계약직·계약직', '수정일 25/02/12', '관심기업 등록', '', '서울대학교병원']",www.saramin.co.kr/zf_user/jobs/relay/view?view_type=search&rec_idx=49986277&location=ts&searchword=%EB%8D%B0%EC%9D%B4%ED%84%B0%EB%B6%84%EC%84%9D&searchType=search&paid_fl=n&search_uuid=28e56092-75a9-4439-bd69-74b9947365f7
Saramin,(주)싸인랩,[데이터분석]데이터분석가 채용 공고,"['[데이터분석]데이터분석가 채용 공고', '', '~ 04/09(수)', '입사지원', '부산부산진구', '경력무관', '학력무관', '정규직', '등록일 25/03/10', '관심기업 등록', '']",www.saramin.co.kr/zf_user/jobs/relay/view?view_type=search&rec_idx=50201890&location=ts&searchword=%EB%8D%B0%EC%9D%B4%ED%84%B0%EB%B6%84%EC%84%9D&searchType=search&paid_fl=n&search_uuid=28e56092-75a9-4439-bd69-74b9947365f7
Saramin,(주)퍼플아카데미,데이터분석가 신입/경력 채용,"['취업축하금', '데이터분석가 신입/경력 채용', '', '~ 04/06(일)', '점핏에서 지원', '서울전체', '신입·경력', '대졸↑', '정규직', '등록일 25/03/07', '관심기업 등록', '']",www.saramin.co.kr/zf_user/jobs/relay/view?view_type=search&rec_idx=50187106&location=ts&searchword=%EB%8D%B0%EC%9D%B4%ED%84%B0%EB%B6%84%EC%84%9D&searchType=search&paid_fl=n&search_uuid=28e56092-75a9-4439-bd69-74b9947365f7
Saramin,한국호텔업협회,한국호텔업협회 대외협력팀 팀원(동향조사 및데이터분석) 채용,"['연봉상승률 10% 이상', '한국호텔업협회 대외협력팀 팀원(동향조사 및데이터분석) 채용', '', '채용시', '입사지원', '서울중구', '경력무관', '초대졸↑', '정규직', '수정일 25/03/25', '관심기업 등록', '']",www.saramin.co.kr/zf_user/jobs/relay/view?view_type=search&rec_idx=50327002&location=ts&searchword=%EB%8D%B0%EC%9D%B4%ED%84%B0%EB%B6%84%EC%84%9D&searchType=search&paid_fl=n&search_uuid=28e56092-75a9-4439-bd69-74b9947365f7
Saramin,(주)그루넷,데이터분석/Python/JAVA/SAS 인재 채용,"['장기근속 포상', '데이터분석/Python/JAVA/SAS 인재 채용', '', '~ 04/19(토)', '입사지원', '서울강남구', '신입·경력', '대졸↑', '정규직', '등록일 25/03/20', '관심기업 등록', '']",www.saramin.co.kr/zf_user/jobs/relay/view?view_type=search&rec_idx=50294794&location=ts&searchword=%EB%8D%B0%EC%9D%B4%ED%84%B0%EB%B6%84%EC%84%9D&searchType=search&paid_fl=n&search_uuid=28e56092-75a9-4439-bd69-74b9947365f7
Saramin,(주)라이브케어,[데이터분석가] 가축 생체데이터 분석 및 AI 개발 전,"['[데이터분석가] 가축 생체데이터 분석 및 AI 개발 전', '', '채용시', '입사지원', '서울강남구', '신입', '학력무관', '정규직', '등록일 25/02/12', '관심기업 등록', '']",www.saramin.co.kr/zf_user/jobs/relay/view?view_type=search&rec_idx=49979481&location=ts&searchword=%EB%8D%B0%EC%9D%B4%ED%84%B0%EB%B6%84%EC%84%9D&searchType=search&paid_fl=n&search_uuid=28e56092-75a9-4439-bd69-74b9947365f7
Saramin,쿠팡(주),[쿠팡로지스틱스서비스] 물류결함데이터분석담당자 (신입가능),"['재택근무', '[쿠팡로지스틱스서비스] 물류결함데이터분석담당자 (신입가능)', '', '채용시', '입사지원', '서울송파구', '경력3년↑', '대졸↑', '정규직', '수정일 25/03/21', '관심기업 등록', '', '쿠팡']",www.saramin.co.kr/zf_user/jobs/relay/view?view_type=search&rec_idx=50090658&location=ts&searchword=%EB%8D%B0%EC%9D%B4%ED%84%B0%EB%B6%84%EC%84%9D&searchType=search&paid_fl=n&search_uuid=28e56092-75a9-4439-bd69-74b9947365f7
Saramin,(주)지바이크,[공유모빌리티 No.1 지쿠] 전략마케팅팀데이터분석전문가 모집,"['시리즈B 투자유치', '[공유모빌리티 No.1 지쿠] 전략마케팅팀데이터분석전문가 모집', '', '~ 04/06(일)', '입사지원', '서울강남구', '경력3년↑', '대졸↑', '정규직', '등록일 25/02/05', '관심기업 등록', '']",www.saramin.co.kr/zf_user/jobs/relay/view?view_type=search&rec_idx=49890333&location=ts&searchword=%EB%8D%B0%EC%9D%B4%ED%84%B0%EB%B6%84%EC%84%9D&searchType=search&paid_fl=n&search_uuid=28e56092-75a9-4439-bd69-74b9947365f7
Saramin,넛지헬스케어(주),[넛지헬스케어]데이터분석가 - 석사/박사,"['급성장중', '[넛지헬스케어]데이터분석가 - 석사/박사', '', '~ 05/09(금)', '입사지원', '서울강남구', '경력무관', '석사↑', '정규직', '수정일 25/04/01', '관심기업 등록', '', '링커리어']",www.saramin.co.kr/zf_user/jobs/relay/view?view_type=search&rec_idx=50202924&location=ts&searchword=%EB%8D%B0%EC%9D%B4%ED%84%B0%EB%B6%84%EC%84%9D&searchType=search&paid_fl=n&search_uuid=28e56092-75a9-4439-bd69-74b9947365f7
Saramin,넛지헬스케어(주),[넛지헬스케어]데이터분석담당 산업기능요원 (병역특례),"['급성장중', '[넛지헬스케어]데이터분석담당 산업기능요원 (병역특례)', '', '~ 05/09(금)', '입사지원', '서울강남구', '경력무관', '학력무관', '산업기능요원·현역', '수정일 25/04/01', '관심기업 등록', '', '링커리어']",www.saramin.co.kr/zf_user/jobs/relay/view?view_type=search&rec_idx=50202943&location=ts&searchword=%EB%8D%B0%EC%9D%B4%ED%84%B0%EB%B6%84%EC%84%9D&searchType=search&paid_fl=n&search_uuid=28e56092-75a9-4439-bd69-74b9947365f7
Saramin,(주)전북은행,데이터분석가 경력직 모집,"['평균연봉 상위 10%', '데이터분석가 경력직 모집', '', '~ 04/06(일)', '입사지원', '전북전주시 덕진구', '경력10년↑', '대졸↑', '계약직', '등록일 25/03/24', '관심기업 등록', '', 'JB금융그룹']",www.saramin.co.kr/zf_user/jobs/relay/view?view_type=search&rec_idx=50320168&location=ts&searchword=%EB%8D%B0%EC%9D%B4%ED%84%B0%EB%B6%84%EC%84%9D&searchType=search&paid_fl=n&search_uuid=28e56092-75a9-4439-bd69-74b9947365f7
Saramin,닐슨아이큐서비스코리아(유),[데이터분석] Global Strategic Account Management팀,"['연봉상승률 10% 이상', '[데이터분석] Global Strategic Account Management팀', '', '~ 04/11(금)', '입사지원', '서울중구', '경력무관', '대졸↑', '계약직', '등록일 25/02/10', '관심기업 등록', '']",www.saramin.co.kr/zf_user/jobs/relay/view?view_type=search&rec_idx=49965174&location=ts&searchword=%EB%8D%B0%EC%9D%B4%ED%84%B0%EB%B6%84%EC%84%9D&searchType=search&paid_fl=n&search_uuid=28e56092-75a9-4439-bd69-74b9947365f7
Saramin,콘센트릭스서비스코리아(유),[Catalyst] GA/AA데이터분석,"['[Catalyst] GA/AA데이터분석', '', '~ 04/25(금)', '입사지원', '서울강남구', '경력 1~11년', '학력무관', '정규직', '수정일 25/03/31', '관심기업 등록', '']",www.saramin.co.kr/zf_user/jobs/relay/view?view_type=search&rec_idx=50073613&location=ts&searchword=%EB%8D%B0%EC%9D%B4%ED%84%B0%EB%B6%84%EC%84%9D&searchType=search&paid_fl=n&search_uuid=28e56092-75a9-4439-bd69-74b9947365f7
Saramin,로버트월터스코리아(주),[IT/데이터분석] Data Analyst,"['기획·전략 지원 급상승', '[IT/데이터분석] Data Analyst', '', '채용시', '입사지원', '서울중구', '경력3년↑', '대졸↑', '정규직', '등록일 25/03/31', '관심기업 등록', '']",www.saramin.co.kr/zf_user/jobs/relay/view?view_type=search&rec_idx=50370820&location=ts&searchword=%EB%8D%B0%EC%9D%B4%ED%84%B0%EB%B6%84%EC%84%9D&searchType=search&paid_fl=n&search_uuid=28e56092-75a9-4439-bd69-74b9947365f7
Saramin,한국정보기술(주),[한국정보기술(주)] 수도권본부-교통센터데이터분석인력 채용,"['[한국정보기술(주)] 수도권본부-교통센터데이터분석인력 채용', '', '오늘마감', '오늘마감', '입사지원', '경기성남시 분당구', '경력무관', '학력무관', '계약직', '등록일 25/03/04', '관심기업 등록', '', '인티그레이터스']",www.saramin.co.kr/zf_user/jobs/relay/view?view_type=search&rec_idx=50139522&location=ts&searchword=%EB%8D%B0%EC%9D%B4%ED%84%B0%EB%B6%84%EC%84%9D&searchType=search&paid_fl=n&search_uuid=28e56092-75a9-4439-bd69-74b9947365f7
Saramin,(주)메디젠휴먼케어,메디젠휴먼케어데이터분석담당 경력직 채용,"['스타트업', '메디젠휴먼케어데이터분석담당 경력직 채용', '', '~ 05/10(토)', '입사지원', '서울송파구', '경력3년↑', '석사↑', '정규직', '등록일 25/03/11', '관심기업 등록', '']",www.saramin.co.kr/zf_user/jobs/relay/view?view_type=search&rec_idx=50209112&location=ts&searchword=%EB%8D%B0%EC%9D%B4%ED%84%B0%EB%B6%84%EC%84%9D&searchType=search&paid_fl=n&search_uuid=28e56092-75a9-4439-bd69-74b9947365f7
Saramin,㈜이씨마이너,연구소 빅데이터분석/AI솔루션개발자/ Visual C++ 개발자 모집,"['스타트업', '연구소 빅데이터분석/AI솔루션개발자/ Visual C++ 개발자 모집', '', '~ 04/19(토)', '입사지원', '서울강남구', '경력무관', '대졸↑', '정규직', '3,500 만원', '수정일 25/03/20', '관심기업 등록', '']",www.saramin.co.kr/zf_user/jobs/relay/view?view_type=search&rec_idx=50293575&location=ts&searchword=%EB%8D%B0%EC%9D%B4%ED%84%B0%EB%B6%84%EC%84%9D&searchType=search&paid_fl=n&search_uuid=28e56092-75a9-4439-bd69-74b9947365f7
Saramin,(주)씨티아이랩,"데이터분석:AI 모델 개발자(신입 및 경력 3년이상, 영어능통자)","['연봉상승률 15% 이상', '데이터분석:AI 모델 개발자(신입 및 경력 3년이상, 영어능통자)', '', '상시채용', '입사지원', '경기성남시 수정구', '신입·경력', '대졸↑', '정규직', '수정일 25/03/03', '관심기업 등록', '']",www.saramin.co.kr/zf_user/jobs/relay/view?view_type=search&rec_idx=49863955&location=ts&searchword=%EB%8D%B0%EC%9D%B4%ED%84%B0%EB%B6%84%EC%84%9D&searchType=search&paid_fl=n&search_uuid=28e56092-75a9-4439-bd69-74b9947365f7
Saramin,(주)케이아이오티,이미지데이터분석& 데이터셋 구축(경력무관),"['연봉상승률 15% 이상', '이미지데이터분석& 데이터셋 구축(경력무관)', '', '~ 04/09(수)', '입사지원', '대구북구', '경력무관', '초대졸↑', '정규직·계약직', '등록일 25/03/10', '관심기업 등록', '']",www.saramin.co.kr/zf_user/jobs/relay/view?view_type=search&rec_idx=50196781&location=ts&searchword=%EB%8D%B0%EC%9D%B4%ED%84%B0%EB%B6%84%EC%84%9D&searchType=search&paid_fl=n&search_uuid=28e56092-75a9-4439-bd69-74b9947365f7
Saramin,(주)한국신용데이터,[데이터분석팀] Data Analyst,"['시리즈D 투자유치', '[데이터분석팀] Data Analyst', '', '~ 04/11(금)', '홈페이지 지원', '서울강남구', '경력 3~7년', '학력무관', '정규직', '등록일 25/03/12', '관심기업 등록', '', '한국신용데이터']",www.saramin.co.kr/zf_user/jobs/relay/view?view_type=search&rec_idx=50226176&location=ts&searchword=%EB%8D%B0%EC%9D%B4%ED%84%B0%EB%B6%84%EC%84%9D&searchType=search&paid_fl=n&search_uuid=28e56092-75a9-4439-bd69-74b9947365f7
Saramin,(주)싸이트플래닝건축사사무소,"도시공학&데이터분석공고 모집  (정규직, 경력직)","['워라밸', '도시공학&데이터분석공고 모집  (정규직, 경력직)', '', '채용시', '입사지원', '부산동구', '경력3년↑', '대졸↑', '정규직', '등록일 25/03/17', '관심기업 등록', '']",www.saramin.co.kr/zf_user/jobs/relay/view?view_type=search&rec_idx=50263018&location=ts&searchword=%EB%8D%B0%EC%9D%B4%ED%84%B0%EB%B6%84%EC%84%9D&searchType=search&paid_fl=n&search_uuid=28e56092-75a9-4439-bd69-74b9947365f7
Saramin,(주)메디플렉서스,헬스케어데이터분석솔루션 영업직채용,"['취업축하금', '헬스케어데이터분석솔루션 영업직채용', '', '~ 04/08(화)', '입사지원', '서울마포구', '경력1년↑', '대졸↑', '정규직', '수정일 25/03/10', '관심기업 등록', '']",www.saramin.co.kr/zf_user/jobs/relay/view?view_type=search&rec_idx=50197739&location=ts&searchword=%EB%8D%B0%EC%9D%B4%ED%84%B0%EB%B6%84%EC%84%9D&searchType=search&paid_fl=n&search_uuid=28e56092-75a9-4439-bd69-74b9947365f7
Saramin,HR컨설팅(주),유통대기업데이터분석가 책임 8-12년,"['급성장중', '유통대기업데이터분석가 책임 8-12년', '', '~ 04/25(금)', '입사지원', '서울강남구', '경력 4~20년', '대졸↑', '정규직', '등록일 25/03/26', '관심기업 등록', '']",www.saramin.co.kr/zf_user/jobs/relay/view?view_type=search&rec_idx=50334981&location=ts&searchword=%EB%8D%B0%EC%9D%B4%ED%84%B0%EB%B6%84%EC%84%9D&searchType=search&paid_fl=n&search_uuid=28e56092-75a9-4439-bd69-74b9947365f7
Saramin,(주)스카우트파트너스,온라인 CRM마케팅 (자동화.데이터분석.SQL) 대기업,"['성과급/상여금', '온라인 CRM마케팅 (자동화.데이터분석.SQL) 대기업', '', '~ 04/23(수)', '입사지원', '서울강남구', '경력 4~10년', '대졸↑', '정규직', '등록일 25/03/24', '관심기업 등록', '']",www.saramin.co.kr/zf_user/jobs/relay/view?view_type=search&rec_idx=50311895&location=ts&searchword=%EB%8D%B0%EC%9D%B4%ED%84%B0%EB%B6%84%EC%84%9D&searchType=search&paid_fl=n&search_uuid=28e56092-75a9-4439-bd69-74b9947365f7
Saramin,유카시스템(주),[데이터분석] 운전자 운전성향분석 빅데이터 관리 및 분,"['[데이터분석] 운전자 운전성향분석 빅데이터 관리 및 분', '', '~ 04/14(월)', '입사지원', '경기고양시 덕양구', '경력2년↑', '초대졸↑', '정규직', '수정일 25/02/19', '관심기업 등록', '']",www.saramin.co.kr/zf_user/jobs/relay/view?view_type=search&rec_idx=49997465&location=ts&searchword=%EB%8D%B0%EC%9D%B4%ED%84%B0%EB%B6%84%EC%84%9D&searchType=search&paid_fl=n&search_uuid=28e56092-75a9-4439-bd69-74b9947365f7
Saramin,(주)동인코퍼레이션,BI / OLAP /데이터분석엔지니어 채용,"['IT개발·데이터 조회 급상승', 'BI / OLAP /데이터분석엔지니어 채용', '', '채용시', '홈페이지 지원', '서울송파구', '경력 2~5년', '초대졸↑', '정규직', '수정일 25/04/02', '관심기업 등록', '', '동인코퍼레이션']",www.saramin.co.kr/zf_user/jobs/relay/view?view_type=search&rec_idx=50372429&location=ts&searchword=%EB%8D%B0%EC%9D%B4%ED%84%B0%EB%B6%84%EC%84%9D&searchType=search&paid_fl=n&search_uuid=28e56092-75a9-4439-bd69-74b9947365f7
Saramin,아일리스프런티어(주),연구분석실 인공지능팀 (자연어처리/빅데이터분석) 채용,"['연봉상승률 20% 이상', '연구분석실 인공지능팀 (자연어처리/빅데이터분석) 채용', '', '채용시', '입사지원', '서울종로구', '경력 1~3년', '학력무관', '정규직', '수정일 25/03/04', '관심기업 등록', '', '고위드']",www.saramin.co.kr/zf_user/jobs/relay/view?view_type=search&rec_idx=50139936&location=ts&searchword=%EB%8D%B0%EC%9D%B4%ED%84%B0%EB%B6%84%EC%84%9D&searchType=search&paid_fl=n&search_uuid=28e56092-75a9-4439-bd69-74b9947365f7
Saramin,(주)유니코써치,[유명 플랫폼기업]데이터분석팀 Data Analyst,"['급성장중', '[유명 플랫폼기업]데이터분석팀 Data Analyst', '', '~ 04/28(월)', '입사지원', '서울강남구', '경력 5~11년', '대졸↑', '정규직', '등록일 25/03/29', '관심기업 등록', '', '리멤버앤컴퍼니']",www.saramin.co.kr/zf_user/jobs/relay/view?view_type=search&rec_idx=50364752&location=ts&searchword=%EB%8D%B0%EC%9D%B4%ED%84%B0%EB%B6%84%EC%84%9D&searchType=search&paid_fl=n&search_uuid=28e56092-75a9-4439-bd69-74b9947365f7
Saramin,주식회사 세계입찰,데이터분석가 경력(11~13년) 채용,"['취업축하금', '데이터분석가 경력(11~13년) 채용', '', '~ 04/19(토)', '점핏에서 지원', '경기부천시', '경력 11~13년', '초대졸↑', '정규직', '등록일 25/03/21', '관심기업 등록', '']",www.saramin.co.kr/zf_user/jobs/relay/view?view_type=search&rec_idx=50304653&location=ts&searchword=%EB%8D%B0%EC%9D%B4%ED%84%B0%EB%B6%84%EC%84%9D&searchType=search&paid_fl=n&search_uuid=28e56092-75a9-4439-bd69-74b9947365f7
Saramin,주식회사 세계입찰,데이터분석가 경력(8~10년) 채용,"['취업축하금', '데이터분석가 경력(8~10년) 채용', '', '~ 04/19(토)', '점핏에서 지원', '경기부천시', '경력 8~10년', '초대졸↑', '정규직', '등록일 25/03/21', '관심기업 등록', '']",www.saramin.co.kr/zf_user/jobs/relay/view?view_type=search&rec_idx=50304650&location=ts&searchword=%EB%8D%B0%EC%9D%B4%ED%84%B0%EB%B6%84%EC%84%9D&searchType=search&paid_fl=n&search_uuid=28e56092-75a9-4439-bd69-74b9947365f7
Saramin,주식회사 세계입찰,데이터분석가 경력(5~7년) 채용,"['취업축하금', '데이터분석가 경력(5~7년) 채용', '', '~ 04/19(토)', '점핏에서 지원', '경기부천시', '경력 5~7년', '초대졸↑', '정규직', '등록일 25/03/21', '관심기업 등록', '']",www.saramin.co.kr/zf_user/jobs/relay/view?view_type=search&rec_idx=50304644&location=ts&searchword=%EB%8D%B0%EC%9D%B4%ED%84%B0%EB%B6%84%EC%84%9D&searchType=search&paid_fl=n&search_uuid=28e56092-75a9-4439-bd69-74b9947365f7
Saramin,굿커리어,대기업데이터분석과장급 구함(굿커리어),"['대기업데이터분석과장급 구함(굿커리어)', '', '~ 04/23(수)', '입사지원', '서울강남구', '경력 8~13년', '대졸↑', '정규직', '수정일 25/03/29', '관심기업 등록', '']",www.saramin.co.kr/zf_user/jobs/relay/view?view_type=search&rec_idx=50316130&location=ts&searchword=%EB%8D%B0%EC%9D%B4%ED%84%B0%EB%B6%84%EC%84%9D&searchType=search&paid_fl=n&search_uuid=28e56092-75a9-4439-bd69-74b9947365f7
